{"type":"Design","zone":null,"children":[{"type":"Page","properties":{"id":"page1","theme":"b"},"children":[{"type":"Header","zone":"top"},{"type":"Content","zone":"content","children":[{"type":"List","children":[{"type":"ListButton","properties":{"text":"ఆంజనేయ దండకము","target":"st01"}},{"type":"ListButton","properties":{"text":"హనుమాన్ చాలిసా","target":"st02"}}]}]},{"type":"Footer","zone":"bottom"}]},{"type":"Page","properties":{"id":"page2"},"children":[{"type":"Content","zone":"content"}]}],"pInfo":{"name":"DevStotras","accessDate":1447605996371,"device":{"name":"Phones","screenWidth":320,"screenHeight":480,"rotating":false},"theme":"Default"}}